<?xml version='1.0' encoding='UTF-8'?>
<!DOCTYPE hibernate-configuration PUBLIC
          "-//Hibernate/Hibernate Configuration DTD 3.0//EN"
          "http://hibernate.sourceforge.net/hibernate-configuration-3.0.dtd">
<!-- Generated by MyEclipse Hibernate Tools.                   -->
<hibernate-configuration>

	<session-factory>
		<property name="dialect">
			org.hibernate.dialect.SQLServerDialect
		</property>
		<property name="connection.url">
			jdbc:sqlserver://127.0.0.1:1433;databaseName=dbStudentClassMis
		</property>
		<property name="connection.username">sa</property>
		<property name="connection.password">sql</property>
		<property name="connection.driver_class">
			com.microsoft.sqlserver.jdbc.SQLServerDriver
		</property>
		<property name="myeclipse.connection.profile">
			dbStudentClassMis
		</property>
		<mapping resource="com/song/entity/Classes.hbm.xml" />
		<mapping resource="com/song/entity/Student.hbm.xml" />
		<mapping resource="com/song/entity/Course.hbm.xml" />
		<mapping resource="com/song/entity/Grade.hbm.xml" />

	</session-factory>

</hibernate-configuration>