<?xml version="1.0" encoding="UTF-8" ?>
<!DOCTYPE struts PUBLIC "-//Apache Software Foundation//DTD Struts Configuration 2.1//EN" "http://struts.apache.org/dtds/struts-2.1.dtd">
<struts>
<constant name="struts.i18n.encoding" value="utf-8"/>
<package name="default" namespace="/action" extends="struts-default">
		<!-- 登录 -->
		<action name="Login" class="com.song.action.Login">
			<result name="Success">../Main.jsp</result>
			<result name="Error">../Error.jsp</result>
		</action>
		<!-- 学生信息的CRUD -->
		<action name="Register" class="com.song.action.Register">
			<result name="Success">../Success.jsp</result>
			<result name="Error">../Error.jsp</result>
		</action>
		<action name="StudentEdit" class="com.song.action.StudentEdit">
			<result name="Success">../Success.jsp</result>
			<result name="Error">../Error.jsp</result>
		</action>
		<action name="StudentDelete" class="com.song.action.StudentDelete">
			<result name="Success">../Success.jsp</result>
			<result name="Error">../Error.jsp</result>
		</action>
		<!-- 班级信息的CRUD -->
		<action name="ClassAdd" class="com.song.action.ClassAdd">
			<result name="Success">../Success.jsp</result>
			<result name="Error">../Error.jsp</result>
		</action>
		<action name="ClassEdit" class="com.song.action.ClassEdit">
			<result name="Success">../Success.jsp</result>
			<result name="Error">../Error.jsp</result>
		</action>
		<action name="ClassDelete" class="com.song.action.ClassDelete">
			<result name="Success">../Success.jsp</result>
			<result name="Error">../Error.jsp</result>
		</action>
		<!-- 课程信息的CRUD -->
		<action name="CourseAdd" class="com.song.action.CourseAdd">
			<result name="Success">../Success.jsp</result>
			<result name="Error">../Error.jsp</result>
		</action>
		<action name="CourseEdit" class="com.song.action.CourseEdit">
			<result name="Success">../Success.jsp</result>
			<result name="Error">../Error.jsp</result>
		</action>
		<action name="CourseDelete" class="com.song.action.CourseDelete">
			<result name="Success">../Success.jsp</result>
			<result name="Error">../Error.jsp</result>
		</action>
		<!-- 成绩的录入 -->
		<action name="GradeAdd" class="com.song.action.GradeAdd">
			<result name="Success">../Success.jsp</result>
			<result name="Error">../Error.jsp</result>
		</action>
		<action name="GradeList" class="com.song.action.GradeList">
			<result name="Success">../GradeListShow.jsp</result>
			<result name="Error">../Error.jsp</result>
		</action>
	</package>
</struts>    
