<?xml version="1.0" encoding="utf-8"?>
<!DOCTYPE hibernate-mapping PUBLIC "-//Hibernate/Hibernate Mapping DTD 3.0//EN"
"http://hibernate.sourceforge.net/hibernate-mapping-3.0.dtd">
<!-- 
    Mapping file autogenerated by MyEclipse Persistence Tools
-->
<hibernate-mapping>
    <class name="com.song.entity.Classes" table="classes" schema="dbo" catalog="dbStudentClassMis">
        <id name="CId" type="java.lang.String">
            <column name="c_id" />
            <generator class="assigned" />
        </id>
        <property name="CName" type="java.lang.String">
            <column name="c_name" />
        </property>
        <set name="students" inverse="true">
            <key>
                <column name="c_id" />
            </key>
            <one-to-many class="com.song.entity.Student" />
        </set>
    </class>
</hibernate-mapping>
