<?xml version="1.0" encoding="utf-8"?>
<!DOCTYPE hibernate-mapping PUBLIC "-//Hibernate/Hibernate Mapping DTD 3.0//EN"
"http://hibernate.sourceforge.net/hibernate-mapping-3.0.dtd">
<!-- 
    Mapping file autogenerated by MyEclipse Persistence Tools
-->
<hibernate-mapping>
    <class name="com.song.entity.Course" table="course" schema="dbo" catalog="dbStudentClassMis" lazy="true">
        <id name="csId" type="java.lang.String">
            <column name="cs_id" />
            <generator class="assigned" />
        </id>
        <property name="csName" type="java.lang.String">
            <column name="cs_name" />
        </property>
        <property name="csCharacter" type="java.lang.String">
            <column name="cs_character" />
        </property>
        <property name="csGrade" type="java.lang.Double">
            <column name="cs_grade" precision="53" scale="0" />
        </property>
        <set name="grades" inverse="true">
            <key>
                <column name="cs_id" not-null="true" />
            </key>
            <one-to-many class="com.song.entity.Grade" />
        </set>
    </class>
</hibernate-mapping>
