<?xml version="1.0" encoding="utf-8"?>
<!DOCTYPE hibernate-mapping PUBLIC "-//Hibernate/Hibernate Mapping DTD 3.0//EN"
"http://hibernate.sourceforge.net/hibernate-mapping-3.0.dtd">
<!-- 
    Mapping file autogenerated by MyEclipse Persistence Tools
-->
<hibernate-mapping>
    <class name="com.song.entity.Grade" table="grade" schema="dbo" catalog="dbStudentClassMis" lazy="true">
        <composite-id name="id" class="com.song.entity.GradeId" >
            <key-many-to-one name="course"  class="com.song.entity.Course" >
                <column name="cs_id" />
            </key-many-to-one>
            <key-many-to-one name="student" class="com.song.entity.Student">
                <column name="s_id" />
            </key-many-to-one>
        </composite-id>
        <property name="GGrade" type="java.lang.Double">
            <column name="g_grade" precision="53" scale="0" />
        </property>
    </class>
</hibernate-mapping>
