<?xml version="1.0" encoding="utf-8"?>
<!DOCTYPE hibernate-mapping PUBLIC "-//Hibernate/Hibernate Mapping DTD 3.0//EN"
"http://hibernate.sourceforge.net/hibernate-mapping-3.0.dtd">
<!-- 
    Mapping file autogenerated by MyEclipse Persistence Tools
-->
<hibernate-mapping>
    <class name="com.song.entity.Student" table="student" schema="dbo" catalog="dbStudentClassMis" lazy="true">
        <id name="SId" type="java.lang.String">
            <column name="s_id" />
            <generator class="assigned" />
        </id>
        <many-to-one name="classes" class="com.song.entity.Classes" fetch="select">
            <column name="c_id" />
        </many-to-one>
        <property name="SPassword" type="java.lang.String">
            <column name="s_password" />
        </property>
        <property name="SName" type="java.lang.String">
            <column name="s_name" />
        </property>
        <property name="SSex" type="java.lang.String">
            <column name="s_sex" />
        </property>
        <property name="SBirth" type="java.lang.String">
            <column name="s_birth" />
        </property>
        <property name="SPhone" type="java.lang.String">
            <column name="s_phone" />
        </property>
        <property name="SPlace" type="java.lang.String">
            <column name="s_place" />
        </property>
        <set name="grades" inverse="true">
            <key>
                <column name="s_id" not-null="true" />
            </key>
            <one-to-many class="com.song.entity.Grade" />
        </set>
    </class>
</hibernate-mapping>
